price,bedrooms,bathrooms,sqft_living,sqft_lot,floors,waterfront,view,condition,sqft_above,sqft_basement,yr_built
313000,3,1.5,1340,7912,1.5,0,0,3,1340,0,1955
2384000,5,2.5,3650,9050,2,0,4,5,3370,280,1921
342000,3,2,1930,11947,1,0,0,4,1930,0,1966
420000,3,2.25,2000,8030,1,0,0,4,1000,1000,1963
550000,4,2.5,1940,10500,1,0,0,4,1140,800,1976
490000,2,1,880,6380,1,0,0,3,880,0,1938
335000,2,2,1350,2560,1,0,0,3,1350,0,1976
482000,4,2.5,2710,35868,2,0,0,3,2710,0,1989
452500,3,2.5,2430,88426,1,0,0,4,1570,860,1985
640000,4,2,1520,6200,1.5,0,0,3,1520,0,1945
463000,3,1.75,1710,7320,1,0,0,3,1710,0,1948
1400000,4,2.5,2920,4000,1.5,0,0,5,1910,1010,1909
588500,3,1.75,2330,14892,1,0,0,3,1970,360,1980
365000,3,1,1090,6435,1,0,0,4,1090,0,1955
1200000,5,2.75,2910,9480,1.5,0,0,3,2910,0,1939
242500,3,1.5,1200,9720,1,0,0,4,1200,0,1965
419000,3,1.5,1570,6700,1,0,0,4,1570,0,1956
367500,4,3,3110,7231,2,0,0,3,3110,0,1997
257950,3,1.75,1370,5858,1,0,0,3,1370,0,1987
275000,3,1.5,1180,10277,1,0,0,3,1180,0,1983
750000,3,1.75,2240,10578,2,0,0,5,1550,690,1923
435000,4,1,1450,8800,1,0,0,4,1450,0,1954
626000,3,2.25,1750,1572,2.5,0,0,3,1470,280,2005
612500,4,2.5,2730,12261,2,0,0,3,2730,0,1991
495000,4,1.75,1600,6380,1,0,0,3,1130,470,1959
285000,3,2.5,2090,10834,1,0,0,4,1360,730,1987
615000,3,1.75,2360,7291,1,0,0,4,1360,1000,1948
698000,4,2.25,2200,11250,1.5,0,0,5,1300,900,1920
675000,5,2.5,2820,67518,2,0,0,3,2820,0,1979
790000,3,2.5,2600,4750,1,0,0,4,1700,900,1951
382500,4,1.75,1560,8700,1,0,0,4,1560,0,1967
499950,4,2.5,2860,3345,2,0,0,3,2190,670,2004
650000,4,2,1820,5000,1.5,0,1,3,1640,180,1945
625000,4,2.5,2820,8408,2,0,0,3,2820,0,2014
400000,4,2.5,3630,42884,1.5,0,0,3,2300,1330,1979
604000,3,2.5,3240,33151,2,0,2,3,3240,0,1995
440000,2,1,800,4850,1,0,0,4,800,0,1944
287200,3,3,1850,19966,1,0,0,4,1090,760,1992
403000,3,2,1960,13100,1,0,2,5,1650,310,1957
750000,3,2.5,2390,6550,1,0,2,4,1440,950,1955
335000,3,2.25,1580,16215,1,0,0,4,1580,0,1978
260000,4,2,1480,8625,1,0,0,4,1480,0,1974
308500,2,1,850,6174,1,0,0,4,850,0,1950
439950,3,2.5,1770,2875,2,0,0,3,1770,0,1990
235000,2,1,1210,9400,1,0,0,2,1210,0,1949
315000,3,1,1160,9180,1,0,0,3,1160,0,1968
437500,3,2.25,1970,35100,2,0,0,4,1970,0,1977
407500,3,2.5,1930,10460,2,0,0,3,1930,0,1996
445700,3,2.5,1270,1180,3,0,0,3,1270,0,2001
838000,4,2.5,3310,42998,2,0,0,3,3310,0,2001
630000,4,2.75,2710,37277,2,0,0,3,2710,0,2000
550000,3,1.75,2910,35200,1.5,0,0,3,2910,0,1979
805000,3,2,2710,4500,1.5,0,0,4,1880,830,1929
284000,3,1.75,1800,23103,1,0,0,3,1800,0,1968
470000,5,2.5,2210,9655,1,0,0,3,1460,750,1976
430000,4,1.5,1920,10000,1,0,0,4,1070,850,1954
491500,4,1.75,2190,125452,1,0,2,3,2190,0,1968
785000,5,3.25,3660,11995,2,0,2,3,3660,0,2006
385000,3,3.25,1320,1327,2,0,0,3,1040,280,2008
295000,2,2.5,1630,1368,2,0,0,3,1280,350,2009
555000,4,2.5,3310,6500,2,0,0,3,3310,0,2012
459990,3,2.5,2680,5539,2,0,0,3,2680,0,2013
625000,4,3.25,2730,54014,1,0,0,3,1560,1170,2007
300000,3,2.5,2540,5050,2,0,0,3,2540,0,2006
625000,4,2.75,2920,6605,2,0,0,3,2920,0,2012
553000,2,1,900,5000,1,0,0,3,900,0,1944
379880,3,2.5,1650,14054,1,0,0,4,1130,520,1986
310000,3,1,1010,9945,1,0,0,4,1010,0,1973
775000,2,2.5,2680,7392,1,0,0,3,2680,0,2004
365000,3,2.5,2200,7350,1,0,0,5,1570,630,1988
331950,4,2.5,2530,9933,2,0,2,3,2010,520,1990
783500,3,2.5,2850,7130,2,0,0,3,1990,860,1980
628000,4,2,2280,6010,1,0,0,3,1140,1140,1900
560000,3,2.5,1900,8744,2,0,0,3,1900,0,1987
900000,3,1,1330,77972,1,0,0,3,1330,0,1928
531000,2,3,1270,1175,2,0,0,3,1110,160,2000
831000,4,3,2170,4000,2,0,0,4,1610,560,1982
780000,4,2.5,2730,10281,2,0,2,3,2730,0,1996
755000,4,2.5,2120,10202,1,0,0,4,1620,500,1960
705380,3,2.5,2490,4343,2,0,0,3,2490,0,2003
627000,4,2.25,1990,7712,1,0,0,3,1210,780,1973
865000,4,3,3690,9892,2,0,0,3,3690,0,1998
580000,2,1,2540,7000,1,0,0,5,1320,1220,1942
410000,3,2.25,1800,36704,1,0,0,4,1360,440,1978
485000,4,3,2340,7048,1,0,0,4,1340,1000,1979
400000,2,1.75,2110,9519,1,0,0,2,2110,0,1948
549000,2,1,1140,5400,1,0,0,5,1140,0,1908
620000,3,1.75,1480,2185,2.5,0,0,3,1480,0,2005
405000,2,3,1410,1240,2,0,0,3,1140,270,2006
232000,2,1,1200,8063,1,0,0,4,1200,0,1958
800866,5,2.5,3180,13806,2,0,0,4,3180,0,1990
650000,3,1.5,2160,9000,1,0,2,4,1400,760,1949
823000,6,1.75,2920,5000,2.5,0,0,4,2780,140,1908
770000,3,2,2350,5700,1.5,0,0,4,1810,540,1939
524000,3,1.75,1560,5520,1,0,0,4,780,780,1944
541125,5,2.75,2740,8426,1,0,0,4,1370,1370,1960
670000,3,2.5,1680,2000,3,0,0,3,1680,0,1909
384900,5,2.5,3090,12750,1,0,0,3,1750,1340,1968
406100,3,2.25,1410,1332,3,0,0,3,1410,0,2005
1395000,5,3.5,4010,8510,2,0,1,5,2850,1160,1971
736500,4,2.5,3180,21904,2,0,3,3,3180,0,2000
570000,3,2.25,2010,6000,1,0,0,3,1330,680,1975
787000,3,1.75,1330,7500,1,0,0,3,1330,0,1961
328000,4,2.5,2370,6500,2,0,0,3,2370,0,1998
435000,5,2,1840,9240,1,0,0,4,1540,300,1942
499000,4,2.5,2910,6479,2,0,0,3,2910,0,2006
501000,4,1,2070,7519,1,0,0,3,1160,910,1963
1090000,4,2.5,4340,141570,2.5,0,0,3,4340,0,1992
400000,2,1,840,5510,1,0,0,3,840,0,1955
220000,4,1.5,1240,9600,1,0,0,3,1240,0,1971
657100,4,1,1390,4240,1,0,0,3,1050,340,1924
309950,4,2.75,2310,5000,2,0,0,3,2310,0,2006
300000,3,2,1050,10072,1,0,0,3,1050,0,1986
525888,5,1.75,2550,71874,1,0,0,5,1810,740,1960
740000,4,1.75,2010,3600,1.5,0,0,3,2010,0,1902
340000,5,1,1120,9022,1.5,0,0,4,1120,0,1962
398750,3,2.5,2230,4000,2,0,0,3,2230,0,1954
206000,2,1,810,7158,1,0,0,5,810,0,1944
1030000,5,2.75,3190,16920,1,0,3,3,1690,1500,1976
600000,3,1.75,1670,39639,1,0,0,4,1670,0,1976
379950,4,1.75,1970,9389,1,0,0,5,1140,830,1960
287000,3,1,1450,6000,1,0,0,4,1450,0,1953
2280000,7,8,13540,307752,3,0,4,3,9410,4130,1999
309950,3,2.5,1880,7838,2,0,0,3,1880,0,1994
600000,3,1.75,1880,6360,1,0,0,4,1040,840,1945
418000,3,2,1410,6030,1.5,0,0,4,1410,0,1930
449250,4,2,1480,3844,1.5,0,0,5,1480,0,1928
329950,2,1,1140,5250,1.5,0,0,4,1140,0,1949
245000,3,1.75,1920,9306,1,0,0,3,1000,920,1984
549000,4,2.5,2910,6338,2,0,0,3,2910,0,2008
800000,3,2.5,3240,7857,2,0,0,3,3240,0,1994
249950,3,2,1550,15040,1,0,0,4,1550,0,1958
210000,5,2,2050,10200,1,0,0,3,1430,620,1956
1425000,2,2.5,2220,4000,2,0,0,3,2220,0,2000
585000,2,1,1770,8640,1.5,0,0,3,1520,250,1949
615000,4,1.75,2300,11700,1,0,0,4,1960,340,1977
618500,3,2,1800,5000,1,0,0,4,1080,720,1942
487585,4,1.75,2010,9211,1,0,0,3,1470,540,1977
509900,3,2.5,1790,2700,2,0,0,3,1790,0,2010
631625,4,2.5,2440,6651,2,0,0,3,2440,0,2014
555000,3,2.5,1940,3211,2,0,0,3,1940,0,2009
340000,2,1.5,1160,1438,2,0,0,3,1160,0,2001
830000,4,2.5,3400,9692,2,0,0,3,3400,0,2007
890000,4,4.25,4420,5750,2,0,0,3,3410,1010,2006
366750,3,3,1571,2017,3,0,0,3,1571,0,2008
415000,3,2.25,1620,998,2.5,0,0,3,1540,80,2010
416286,3,2.5,1408,989,3,0,0,3,1408,0,2005
478000,3,2.5,3040,4535,2,0,0,3,3040,0,2007
890000,5,3.5,4490,6000,2,0,0,3,3200,1290,2006
419190,2,2.5,1590,1426,2,0,0,3,1590,0,2014
712198,4,2.5,2450,4247,2,0,0,3,2450,0,2013
397000,4,2,1440,7680,1,0,0,3,1200,240,1971
450000,2,2,1100,3000,1.5,0,0,3,1100,0,1912
353000,3,1,1350,7740,1,0,0,4,860,490,1947
609000,4,2.5,2150,37981,2,0,0,3,2150,0,1985
234000,3,1.75,1490,8366,1,0,0,4,1010,480,1975
561000,3,2,2000,7000,2,0,0,3,2000,0,1916
469000,2,1,1030,4400,1,0,0,3,1030,0,1924
329350,2,1,720,6687,1,0,0,3,720,0,1942
488000,5,2,2020,5000,1.5,0,0,4,2020,0,1938
279900,3,1.75,1580,8151,1,0,1,4,1100,480,1962
606000,4,2.5,2110,13850,2,0,0,3,2110,0,1987
312000,4,2,1300,7054,1,0,0,3,1300,0,1950
650000,3,1.5,1630,7475,1,0,1,3,1160,470,1940
1135000,4,2.75,3370,8103,1,0,3,3,1970,1400,1970
325000,4,2.5,1890,6156,1,0,0,3,980,910,1980
425000,4,2,1520,7983,1,0,0,5,1520,0,1967
219000,2,1,900,5160,1,0,0,3,900,0,1952
250000,3,1,1050,6874,1,0,0,3,1050,0,1954
390000,3,1.75,1260,6500,1,0,0,4,1260,0,1966
475000,6,3,3470,117612,1.5,0,0,3,3470,0,1924
736000,4,2.5,2290,12047,2,0,0,4,2290,0,1988
407000,4,2.25,2810,23400,1,0,1,3,1710,1100,1958
272000,3,2.5,1650,13816,2,0,0,3,1650,0,1998
362000,3,2.25,1640,14374,1,0,0,4,1140,500,1963
535000,3,2.5,1850,10109,2,0,0,3,1850,0,1991
284000,4,2.5,2000,5390,2,0,0,3,2000,0,2003
367500,3,1.5,1410,9647,1,0,0,3,1410,0,1961
379900,4,1.75,1500,11600,1,0,0,4,1000,500,1955
520000,3,2.5,2460,54885,2,0,0,4,2460,0,1980
175000,3,1,1010,7034,1,0,0,3,1010,0,1954
460000,2,2.25,1230,929,2,0,0,3,1020,210,2004
345000,4,2.5,2331,3826,2,0,0,3,2331,0,2007
455000,5,2.5,2240,7770,1,0,0,3,1340,900,1978
610000,4,3,2450,10117,1,0,0,5,1580,870,1967
563000,4,3,3100,15480,2,0,0,3,2400,700,1996
612500,4,2,2060,5000,1,0,0,3,1030,1030,1949
218000,3,1.75,1850,7684,1,0,0,3,1320,530,1979
404000,4,1.75,1840,10720,1,0,0,3,960,880,1958
860000,4,2,3740,32417,2,0,0,3,3740,0,2000
136500,3,1.5,1420,8580,1,0,0,3,1420,0,1962
313950,3,1,1510,6083,1,0,0,4,860,650,1940
575000,3,1.75,2130,6500,1,0,2,3,1170,960,1954
1225000,4,2.25,3490,6906,2,0,0,4,2280,1210,1928
280000,3,1.75,1630,11800,1,0,0,4,1630,0,1971
515000,3,2.5,1790,7167,2,0,0,3,1790,0,1989
513000,4,2.5,2000,5684,2,0,0,3,2000,0,1996
599000,4,2.25,2260,29930,2,0,0,4,1400,860,1977
685000,4,2.5,3030,7864,2,0,0,3,3030,0,1999
365000,3,1.5,1310,8160,1,0,0,3,1310,0,1950
762300,4,2.5,3880,14550,2,0,0,3,3880,0,1987
1580000,4,3.25,3760,10920,1.5,0,0,5,2400,1360,1950
562000,5,2.25,3040,8111,2,0,0,3,3040,0,1984
530000,5,2.5,2910,9636,1,0,0,4,1690,1220,1964
525000,3,2.5,2970,11985,1,0,0,3,1770,1200,1995
484000,2,1.75,1660,6000,1,0,0,3,1160,500,1942
725126,4,2.5,3200,12369,2,0,0,3,3200,0,1998
360000,4,2,2680,18768,1,0,0,5,2680,0,1965
387000,3,1,1230,9568,1,0,0,5,1230,0,1962
483500,4,2.5,2740,45732,2,0,0,3,2740,0,1995
655500,4,3.5,3380,8330,2,0,0,3,3380,0,2000
345000,3,1,1110,6250,1,0,0,3,1110,0,1956
533000,5,2.75,1800,3780,1.5,0,0,3,1400,400,1926
385000,3,1.75,1900,5520,1,0,0,3,1280,620,1982
675000,2,1,930,36478,1,0,2,3,930,0,1951
197000,3,1.75,1690,7735,1,0,0,4,1060,630,1976
485000,3,2,1420,4080,1.5,0,0,3,1420,0,1905
1870000,5,4,4510,15175,2,0,0,3,4510,0,1969
295000,3,2.25,1980,8000,1,0,0,4,1560,420,1974
499000,2,1.75,1170,2400,1,0,0,4,740,430,1903
1050000,3,2.5,2200,1970,2,0,0,3,1610,590,2008
191000,3,1.5,800,8850,1,0,0,4,800,0,1959
500000,3,2.5,1480,1171,3,0,0,3,1480,0,2006
390000,5,3.75,2890,5000,1,0,0,3,1310,1580,2006
979000,3,2.5,2690,4047,3,0,0,3,2690,0,2014
580000,4,3.25,3569,8327,2,0,0,3,3569,0,2013
369950,3,2,1270,1320,3,0,0,3,1270,0,2006
1800000,5,5,4490,10279,2,0,0,3,3930,560,2013
776000,4,2.5,3040,6425,2,0,0,3,3040,0,2008
519950,3,2.25,1170,1249,3,0,0,3,1170,0,2014
255000,5,2.25,2060,8632,1,0,0,3,1030,1030,1962
495000,3,1,990,6000,1,0,0,3,990,0,1943
510000,4,2.5,2430,5203,2,0,0,3,2430,0,2003
1150000,4,4,4460,103382,2,0,0,3,4460,0,2001
253000,3,1.75,1250,10122,1,0,0,3,1250,0,1994
503000,3,2.75,1540,6760,1,0,0,5,1210,330,1980
275000,3,2.5,1600,7000,2,0,0,4,1600,0,1993
249000,3,1,1110,8423,1,0,0,3,1110,0,1952
310000,3,1.75,1840,10723,1,0,0,4,1220,620,1974
750000,3,2.75,2520,5401,1,0,0,4,1360,1160,1946
630000,3,2.5,2680,327135,2,0,0,3,2680,0,1995
599999,9,4.5,3830,6988,2.5,0,0,3,2450,1380,1938
758000,4,2.75,2410,9549,1,0,0,4,1780,630,1956
248500,4,1.75,1720,10018,1,0,0,5,1720,0,1960
310000,3,1.75,2070,37904,1,0,0,4,1420,650,1973
460000,3,2,1760,9055,2,0,0,4,1760,0,1985
675000,3,1.75,1680,10500,1,0,0,4,1680,0,1959
526000,2,2,1550,2400,1.5,0,0,4,1550,0,1900
560000,3,3,4120,60392,2,0,2,3,3180,940,1994
415000,4,3,1830,9548,2,0,0,3,1830,0,1991
246000,3,1,1400,7410,1,0,0,3,1400,0,1944
314500,3,1.75,1870,12381,1,0,0,4,1870,0,1957
3200000,7,4.5,6210,8856,2.5,0,2,5,4760,1450,1910
420000,2,1.5,1040,3500,1.5,0,0,4,1040,0,1904
535000,3,1.75,2720,149410,1.5,0,0,3,2720,0,1988
350000,3,1,1010,9360,1,0,0,3,1010,0,1981
515000,3,1.75,1580,9147,1,0,1,4,1210,370,1967
749950,4,2.75,2600,6050,2,0,0,5,1960,640,1949
230000,3,2.5,1920,9180,2,0,0,3,1920,0,1988
568000,3,2,2350,5080,1.5,0,0,3,1780,570,1929
250000,1,1,1100,4373,1,0,0,2,820,280,1947
581000,4,2,2510,13695,1,0,0,4,1280,1230,1961
651000,3,2.5,3240,108366,2,0,0,4,3240,0,1991
600000,3,2.5,2460,108900,1,0,0,4,1860,600,1977
500000,2,1,1010,3885,1.5,0,0,4,1010,0,1906
475000,2,1,820,2723,1,0,0,3,820,0,1921
352000,5,2.5,2420,8560,1,0,2,3,1620,800,1978
420000,3,2.25,1770,8165,2,0,0,3,1770,0,1977
428000,2,2,1350,3900,1,0,0,3,1350,0,2003
599000,3,1.75,1960,4788,1,0,0,4,1090,870,1920
492000,4,2.5,3305,16164,1.5,0,0,5,2245,1060,1922
630000,2,2.25,2550,5663,1,0,0,3,1720,830,2011
900000,5,3.75,4130,226076,2,0,0,3,3170,960,1985
1110000,4,1.5,2310,13300,1,0,0,3,1890,420,1950
575000,4,2,1650,5000,1,0,0,3,1650,0,1955
705000,4,2.5,2650,4316,1.5,0,0,3,1520,1130,1905
940000,4,2.25,1890,5940,1,0,1,3,1470,420,1963
313000,3,1.75,2190,8000,1,0,0,4,2190,0,1967
618080,3,2.5,2030,6500,2,0,0,3,2030,0,1988
640000,3,3,2270,5175,2,0,0,3,2130,140,2002
485000,3,2,1610,4160,1,0,0,4,1010,600,1917
300000,2,1,760,3001,1,0,0,3,760,0,1913
379500,2,1,1640,17335,1,0,0,3,840,800,1978
339950,3,2.25,1630,12295,2,0,0,4,1630,0,1985
1500000,6,2.5,3560,6480,2.5,0,0,4,3560,0,1914
1340000,3,3,2960,5500,2,0,2,3,2440,520,1937
500000,3,2.5,1940,37565,1,0,0,4,1940,0,1987
239900,3,2,1410,7566,1,0,0,3,1410,0,1985
314950,3,1,1040,16986,1,0,0,4,1040,0,1968
361280,2,1,820,6400,1,0,0,4,820,0,1944
100000,2,1,910,22000,1,0,0,3,910,0,1956
540000,7,5.75,3700,7647,2,0,1,3,3700,0,1948
480500,4,2.5,2180,11200,1,0,0,4,2180,0,1968
280000,3,2.5,1600,4271,2,0,0,3,1600,0,2000
440000,3,1.75,1500,6180,1,0,0,4,1060,440,1947
530000,3,1,1340,4284,1,0,0,3,1080,260,1910
560000,3,2,1860,13374,1,0,0,3,1860,0,1985
775000,3,2,2540,7200,1.5,0,3,4,1600,940,1905
160000,2,1,1040,13100,1,0,0,5,1040,0,1912
209950,3,1.5,1380,11130,1,0,0,3,1380,0,1960
226500,3,1.75,1640,10762,1,0,0,3,1130,510,1988
380000,5,1.75,3000,6000,1,0,0,5,1500,1500,1958
409500,4,2.75,2140,13000,1,0,0,3,1320,820,1968
690000,3,2,1760,6428,1,0,0,4,980,780,1942
405000,3,2.25,1660,8307,1,0,0,4,1660,0,1961
375000,3,2.5,1830,13042,2,0,0,3,1830,0,1990
794154,4,2,2210,8556,1,0,1,4,1210,1000,1954
185000,4,1,1490,6600,1,0,0,3,1490,0,1969
245000,3,1.5,1260,1270,2,0,0,3,1040,220,2005
1532500,5,4.5,4270,8076,2,0,0,3,3400,870,2007
1040000,4,3.5,3900,8391,2,0,0,3,3900,0,2006
425000,2,2.5,1150,1027,3,0,0,3,1150,0,2008
495000,4,2.75,2656,21195,2,0,0,3,2656,0,2014
365000,5,2.75,2410,5003,1,0,0,3,1410,1000,2008
417250,3,2.25,1606,1452,3,0,0,3,1606,0,2009
339950,2,1,820,681,3,0,0,3,820,0,2006
615000,2,1,1540,6872,1,0,0,4,820,720,1946
403000,3,2.75,2090,8354,2,0,0,3,2090,0,2012
980000,5,2.5,3160,11470,1,0,0,4,1780,1380,1971
258000,4,1.75,1730,8320,1,0,0,3,1230,500,1977
533000,3,1,1670,4080,1,0,0,3,1170,500,1967
537500,4,2.5,2550,4630,2,0,0,3,2550,0,2005
830000,5,3,3040,9601,1,0,0,5,1970,1070,1968
712000,3,1,1250,4620,1.5,0,0,4,1150,100,1900
262000,4,2.5,2020,6236,2,0,0,3,2020,0,2002
753888,4,2.5,2660,5500,2,0,2,3,2660,0,2003
134000,2,1.5,980,5000,2,0,0,3,980,0,1922
402000,3,2.5,1960,8000,1,0,0,4,1290,670,1977
205000,2,1,720,5040,1,0,0,3,720,0,1955
553650,2,2.5,1360,1349,2,0,0,3,1050,310,1997
559950,2,2,1870,4950,1,0,0,3,1870,0,2006
260000,4,1.5,2130,8800,1,0,0,3,1100,1030,1962
270000,4,2.5,1810,6509,2,0,0,3,1810,0,1994
295000,2,1.75,2200,89298,1,0,0,3,1100,1100,1973
719000,3,2.5,1690,4500,1.5,0,1,4,1690,0,1928
266000,3,2.5,1940,8547,1,0,0,3,1460,480,1989
325900,4,2.5,2320,6270,2,0,0,3,2320,0,2004
647500,4,1.75,2060,26036,1,0,0,4,1160,900,1947
1039000,4,1,3410,5000,2,0,0,5,2190,1220,1910
569000,4,2.25,2250,41688,2,0,0,3,2250,0,1980
246000,3,1.75,1390,7399,1,0,0,4,1390,0,1975
515000,2,1,1060,4960,1,0,0,3,1060,0,1926
207000,3,1,1490,8995,1,0,0,4,1490,0,1954
780000,4,1.75,2480,9195,1,0,0,3,1390,1090,1950
489990,5,2.25,2440,20828,1.5,0,0,4,2440,0,1975
335000,3,1.5,2240,87625,1.5,0,0,2,1480,760,1980
295000,3,2.5,1920,7229,2,0,0,3,1920,0,1993
385000,3,1.75,1890,9920,1,0,0,3,1230,660,1944
350000,4,1.75,2250,13515,1,0,0,4,2150,100,1940
235000,2,1,1270,3008,1,0,0,4,650,620,1923
358000,2,1.5,960,1808,2,0,0,3,960,0,1993
716500,4,2.5,3290,6465,2,0,0,3,3290,0,2002
228000,4,1.75,2000,6120,1,0,0,3,1100,900,1965
405000,2,1,1020,8155,1,0,0,4,1020,0,1948
538000,4,1.75,1840,9600,1,0,0,3,1220,620,1967
530000,3,1.75,1980,6760,1,0,0,4,1980,0,1973
1750000,6,3,3510,5760,2.5,0,0,4,3510,0,1906
636000,2,1.75,1230,3600,1.5,0,0,5,1230,0,1925
535000,4,2.5,2280,65836,2,0,0,3,2280,0,2004
1500000,3,1.75,2430,12757,1,0,2,4,1340,1090,1952
868500,3,2.5,2920,3942,3,0,0,3,2920,0,2008
530000,4,2.75,2280,2850,1.5,0,0,4,1540,740,1930
450000,3,2,1510,43560,1,0,0,3,1510,0,1954
230000,3,1.75,950,6000,1,0,0,3,790,160,1939
229000,3,2.5,1190,3000,2,0,0,3,1190,0,2002
437000,3,1.75,1310,9282,1,0,0,4,1310,0,1976
1307000,5,3.25,2800,3200,1.5,0,0,5,1910,890,1932
595000,3,2.5,1750,3354,2,0,0,4,1750,0,1991
660000,3,1.75,1320,5750,1.5,0,0,5,1320,0,1918
347500,4,2.5,2460,7350,2,0,0,3,2460,0,1989
297950,3,2,1240,10800,1,0,0,3,1240,0,1967
245000,3,1.5,1260,7964,1,0,0,4,1260,0,1955
543200,6,2.25,2820,15600,1.5,0,2,5,1970,850,1940
1250000,4,3.25,3820,24166,2,0,1,4,3310,510,1990
413450,3,2.5,1540,1614,3,0,0,3,1470,70,2008
330000,2,2,1550,435600,1.5,0,0,2,1550,0,1972
424500,3,1.75,1460,7700,1,0,0,3,1460,0,1979
230000,3,1,1390,16000,1,0,0,4,1390,0,1960
930000,3,3.25,2640,4080,2,0,0,3,1840,800,1912
349000,3,1.75,1590,9620,1,0,0,3,1590,0,1988
835000,4,2,1910,6960,1.5,0,0,5,1910,0,1941
988500,3,2.75,2015,16807,2,1,4,3,2015,0,2007
500000,3,1.75,1410,1197,3,0,0,3,1410,0,2012
499000,2,1.5,1110,957,2,0,0,3,930,180,2005
321950,2,1.25,860,1277,2,0,0,3,860,0,2007
494000,3,2.5,2310,4729,2,0,0,3,2310,0,2011
441750,2,1.5,1020,1060,3,0,0,3,1020,0,2008
438000,2,1,980,1179,2,0,0,3,980,0,2010
985000,4,2.25,4230,37769,2,0,0,3,4230,0,1989
352000,3,2.25,1640,11050,1,0,0,4,1640,0,1972
839900,4,3.5,3810,13592,1,0,1,3,2560,1250,2013
765000,4,2.75,2790,10819,2,0,0,3,2790,0,1996
460000,4,1.75,1750,5500,1.5,0,0,5,1050,700,1926
224500,4,1,1430,8355,1.5,0,0,4,1430,0,1983
254000,3,2.5,1850,4597,2,0,0,3,1850,0,2003
255000,2,1,960,28717,1,0,0,4,960,0,1984
610000,3,3,2480,45302,1,0,0,4,1620,860,1976
920000,4,3,3750,11025,2,0,0,3,3750,0,1976
402500,4,2.5,2600,11951,2,0,0,3,2600,0,1988
280950,3,1.75,1390,8700,1,0,3,4,840,550,1912
604000,4,2.5,2260,7753,2,0,0,3,2260,0,1989
565000,4,2.25,2470,7447,2,0,0,3,2470,0,1984
255000,2,1,810,7980,1,0,0,1,810,0,1928
445000,4,2,1650,6000,1,0,0,5,1000,650,1959
2400000,3,2.25,3000,11665,1.5,1,4,3,3000,0,2001
195000,2,1,720,18000,1,0,0,3,720,0,1950
275000,3,1.5,1390,48257,1,0,0,3,1390,0,1922
387000,3,2.25,1445,1606,2,0,0,3,1300,145,2003
490000,2,1,1840,3300,1.5,0,0,4,1130,710,1910
505000,3,2.5,2100,5824,2,0,2,3,2100,0,1999
303500,3,1.5,1060,10464,1,0,0,4,1060,0,1973
270000,3,1.5,1500,6337,1,0,0,5,1500,0,1953
323000,4,2.75,1970,7213,1,0,0,3,1170,800,1977
382000,3,3.25,1410,1253,3,0,0,3,1410,0,2005
1370000,4,2.75,3720,9450,1,0,4,5,1960,1760,1962
280000,4,2,2190,14439,1,0,0,4,1180,1010,1977
260000,3,2,1920,8075,1,0,0,4,1510,410,1969
201500,3,1,1160,8320,1,0,0,4,1160,0,1959
1157200,4,4.25,5860,52889,2,0,0,4,4910,950,1996
536500,4,1.75,2000,4000,1.5,0,0,5,1450,550,1926
248000,4,3,2163,5883,2,0,0,3,2163,0,2006
532000,5,3,3480,57499,1,0,0,4,2340,1140,1976
580000,4,2.5,2840,6268,2,0,0,3,2840,0,1998
463000,2,1,1150,4400,1,0,0,4,1150,0,1905
742500,4,2.75,3100,3773,2,0,0,3,2000,1100,1919
260000,3,2.5,1420,14850,1,0,0,4,1020,400,1963
590000,4,2.25,2430,32496,1,0,0,3,2430,0,1993
312000,4,2.25,1930,7452,1,0,0,3,1430,500,1984
566000,3,2.25,1660,10140,1,0,0,4,1370,290,1980
511555,3,2,1400,7293,1,0,0,4,1400,0,1963
583000,4,2.5,2660,4000,2,0,0,3,2660,0,2001
290000,4,2.5,2000,13300,1,0,0,4,1200,800,1968
311100,4,2.25,2130,8078,1,0,0,4,1380,750,1977
325000,3,2.25,1352,1694,3,0,0,3,1352,0,2007
491300,3,1.75,1750,11340,1,0,1,4,1300,450,1987
315000,5,1.75,2320,8100,1,0,0,4,1160,1160,1956
360000,2,1,1420,81892,1,0,0,3,1180,240,1956
330000,4,2.5,1940,3784,2,0,0,3,1940,0,2003
481450,3,2,1410,4800,1,0,0,3,1410,0,1940
234950,3,1,1360,9948,1,0,0,3,1360,0,1977
251000,3,1.75,1220,7250,1,0,0,3,1220,0,1962
782000,4,2.5,2830,20345,2,0,0,3,1980,850,1979
833000,4,2.75,3780,10308,2,0,0,3,3780,0,1999
542500,4,2.5,2330,14289,2,0,0,4,2330,0,1978
851000,3,2.5,3560,107290,2,0,0,3,3560,0,1987
325000,4,1.5,1470,70800,1,0,0,3,1470,0,1976
415000,4,2.25,3060,48787,2,0,0,3,3060,0,1992
252500,3,1,1030,6127,1,0,0,3,880,150,1947
465000,4,2.5,1930,9653,1,0,0,4,1930,0,1968
336900,3,1.75,1780,120661,1,0,0,4,1780,0,1979
225000,3,2.5,2000,9202,2,0,0,4,2000,0,1992
270000,3,2,1690,9583,1,0,0,4,1690,0,1969
1702500,5,4.5,5190,23716,2,0,2,3,3390,1800,1987
536000,3,1.75,1300,5413,1.5,0,0,3,1300,0,1925
585000,4,3.25,2400,29252,2,0,0,4,2400,0,1982
445000,2,2,1150,6634,1,0,0,3,860,290,1940
320000,4,2.25,2310,7490,2,0,0,3,2310,0,1980
769900,4,3.5,2730,3047,2,0,0,3,2400,330,2006
557000,4,2.5,2840,4500,2,0,0,3,2840,0,2012
212000,2,1.5,1020,1525,2,0,0,3,1020,0,2004
376000,3,2,1340,1384,3,0,0,3,1340,0,2008
800000,4,3.25,3540,159430,2,0,0,3,3540,0,2007
2238888,5,6.5,7270,130017,2,0,0,3,6420,850,2010
324000,3,2.25,998,904,2,0,0,3,798,200,2007
549900,5,2.75,3060,7015,1,0,0,5,1600,1460,1979
320000,3,2.5,2130,6969,2,0,0,3,2130,0,2003
875000,4,2,2520,6000,1,0,0,3,1400,1120,1921
265000,4,1,1940,9533,1,0,0,3,1080,860,1962
394950,3,2.5,1350,1250,3,0,0,3,1270,80,2006
842500,4,2.5,2160,5298,2.5,0,0,4,2160,0,1902
368000,3,2.5,1370,1350,2,0,0,3,1010,360,2007
1225000,4,4.5,5420,101930,1,0,0,3,3890,1530,2001
885000,4,2.5,2830,5000,2,0,0,3,2830,0,1995
453246,3,2.5,2010,2287,2,0,0,3,1390,620,2014
927000,4,2.75,3300,12090,2,0,0,3,3300,0,1953
490000,2,2.5,1230,1391,2,0,0,3,870,360,2004
341000,3,1.5,1720,7119,1.5,0,0,4,1720,0,1952
235000,1,1,810,2451,1,0,0,5,810,0,1941
1200000,3,1.75,1560,8078,1.5,1,4,4,1560,0,1928
560000,3,2,2560,216777,1,0,0,3,2560,0,1986
900000,4,3.25,4700,38412,2,0,0,3,3420,1280,1978
255000,2,1,1220,2500,1,0,0,3,770,450,1910
1575000,5,2.75,3650,20150,1,0,0,4,2360,1290,1975
876650,3,3.25,2170,12508,1.5,0,0,5,1650,520,1928
540000,4,2.25,2540,228254,1,0,0,3,1450,1090,1990
350000,2,1,910,4500,1.5,0,0,4,910,0,1906
750000,4,2.5,2980,4930,2,0,0,3,2890,90,2000
582000,4,1.75,2120,4650,1,0,1,3,1190,930,1951
1315000,4,3.5,3460,3997,2,0,0,3,2560,900,2004
372500,5,3,2480,10090,1,0,0,3,1300,1180,2004
410000,3,2.25,2200,16921,2,0,0,3,2200,0,1987
360000,4,2,1730,5500,1,0,0,5,1010,720,1943
1015000,3,2.5,2920,34527,1,0,4,4,1800,1120,1954
225000,3,1,990,8012,1,0,0,4,990,0,1966
647000,4,2.5,3040,6887,2,0,0,3,3040,0,1999
950000,5,3,4530,258746,1.5,0,0,4,3200,1330,2003
185000,3,1.5,1370,8470,1,0,0,4,1370,0,1961
335000,3,2.5,1940,4927,2,0,0,3,1940,0,2004
210000,3,2.5,1040,2643,2,0,0,3,720,320,2004
522000,4,2.25,1800,8623,1,0,0,4,1360,440,1980
770000,3,1.75,1720,5000,1,0,0,3,1720,0,1954
499950,3,1,980,6380,1,0,0,3,760,220,1941
751000,4,2.5,3110,6142,2,0,0,3,3110,0,2004
330000,5,3,2100,7715,1,0,0,3,1250,850,2013
465000,3,1.5,2020,11358,1,0,0,4,1190,830,1956
850000,4,1.75,2350,11914,1,0,0,4,2350,0,1961
947500,4,2.25,3290,12329,1.5,0,0,4,3290,0,1968
302000,5,2.25,2180,7813,2,0,0,3,2180,0,1986
500000,2,2.25,1290,1334,3,0,0,3,1290,0,2007
201000,3,1,1460,9750,1,0,0,4,1460,0,1969
265000,2,1,1290,2828,2,0,0,3,1290,0,2008
870300,4,2.5,2350,3150,1.5,0,0,4,1690,660,1910
339000,3,1,1080,8100,1,0,0,4,1080,0,1955
690000,4,2.5,2670,13463,2,0,0,4,2670,0,1989
788000,4,3.25,3680,5759,2,0,0,3,2840,840,2003
315275,3,1.75,1440,8040,1,0,0,3,960,480,1951
505000,4,1.75,1940,4800,1,0,0,5,1030,910,1922
368000,3,1,1280,9898,1,0,0,3,1280,0,1968
947500,3,2.75,2980,27144,1.5,1,2,5,2180,800,1917
156000,3,1,970,8580,1,0,0,3,970,0,1959
610000,4,3,2110,5000,1.5,0,2,4,1640,470,1930
420000,2,2.5,1480,1369,3,0,0,3,1480,0,2009
192000,2,1,700,10540,1,0,0,3,700,0,1953
910000,3,2,2700,6120,1,0,0,4,1350,1350,1962
1300000,4,3.25,2330,9687,2,0,3,3,2330,0,1918
1346400,5,1.75,3380,20021,1,0,0,4,1690,1690,1963
840000,4,2.75,2600,2750,1.5,0,0,3,1620,980,1936
300000,2,1.75,1360,8100,1,0,0,3,860,500,1975
505000,4,2.5,2780,6369,1,0,0,3,1590,1190,1978
110000,3,1,1250,53143,1,0,0,5,1250,0,1945
746000,3,2.5,2620,8950,2,0,0,3,2620,0,1992
211000,3,1.5,1350,7620,1,0,0,5,1350,0,1941
675000,4,3,2400,3340,1,0,0,4,1200,1200,1964
734200,4,2.5,2760,5000,1.5,0,0,5,1680,1080,1928
1225000,4,2.25,3070,16028,1,0,3,3,1870,1200,1976
615000,2,1.75,2040,28593,1.5,1,3,4,2040,0,1919
630000,4,2,1770,6000,2,0,0,5,1770,0,1911
1264000,4,3.75,3490,9170,2,0,0,3,3490,0,2012
301500,2,1.5,830,1333,2,0,0,3,830,0,2005
369000,2,2.5,980,895,2,0,0,3,670,310,2009
635000,3,2.5,1570,1433,3,0,0,3,1570,0,2010
1033888,4,3.25,3270,5187,2,0,0,3,3110,160,2014
383000,4,2.5,2160,6223,2,0,0,3,2160,0,2010
1050000,4,3.75,3280,11000,2,0,0,3,2320,960,2008
455000,4,2.5,3360,7685,2,0,0,3,3360,0,2001
819900,5,2.75,3150,7119,2,0,0,3,3150,0,2013
625000,3,3.5,1810,1846,2,0,0,4,1440,370,2009
651000,4,2.5,2740,7140,2,0,0,3,2740,0,1993
480000,5,4.75,3830,35000,1,0,0,3,2130,1700,1976
757000,3,3.25,3190,5283,2,0,0,3,3190,0,2007
460000,3,2.25,2350,10450,1,0,0,3,1390,960,1977
267345,4,2.25,2510,8165,1,0,0,4,1610,900,1972
530000,2,2,1680,4950,1,0,0,3,1680,0,2006
449500,3,2,1770,6610,1,0,0,4,960,810,1954
289000,3,1,1090,7315,1,0,0,5,1090,0,1981
373000,5,2.5,3001,5710,2,0,0,3,3001,0,2006
525000,5,3,2450,4591,2,0,0,3,2450,0,1994
777000,3,3.25,3610,59677,2,0,0,3,2440,1170,2003
550000,4,2,2250,7500,1,0,0,5,1200,1050,1956
523000,3,1.5,1240,7735,1,0,0,4,1240,0,1957
628000,4,2,2260,6000,1,0,0,3,1430,830,1958
581000,4,1.75,2090,8164,1,0,0,4,1070,1020,1963
245000,5,1.75,2020,7902,1,0,0,3,1220,800,1962
415000,3,1.75,1960,5000,1,0,0,5,980,980,1911
1895000,5,2.25,3120,16672,2,0,0,4,3120,0,1969
225000,3,1.5,1250,7500,1,0,0,3,1250,0,1967
287000,3,2.25,1490,9600,1,0,0,4,1170,320,1987
799200,6,3,2890,2370,2.5,0,0,3,2290,600,1906
239950,3,1,1900,33888,1.5,0,0,4,1900,0,1942
591000,3,1.75,1680,2400,1,0,0,5,870,810,1922
700000,3,2.5,2030,8398,2,0,0,4,2030,0,1975
475000,4,2.5,3740,8700,1,0,0,3,2260,1480,2004
575000,3,1.75,1580,11750,1,0,0,4,1180,400,1951
771000,3,2.25,1780,6120,1.5,0,0,4,1390,390,1927
155000,2,1,910,6232,1,0,0,3,910,0,1943
550000,7,4,3440,8100,2,0,0,3,3440,0,1970
645000,3,2.5,1740,13750,2,0,0,4,1740,0,1975
464000,5,2.5,3400,8970,1,0,0,4,1700,1700,1959
1050000,4,3.25,4400,16625,2,0,0,3,4400,0,2003
350000,3,2.5,2010,14298,2,0,0,3,2010,0,1977
591000,4,2.25,2710,38180,2,0,0,4,2710,0,1977
2555000,4,2.5,5300,26211,2,1,2,2,4570,730,1923
717000,3,1.5,1310,3880,1,0,0,3,1090,220,1956
225000,4,1.5,1950,12559,1.5,0,0,3,1950,0,1939
225000,3,1,1040,6535,1,0,0,3,1040,0,1947
345000,3,1.75,1090,7200,1,0,0,3,1090,0,1968
230000,2,0.75,650,5360,1,0,0,4,650,0,1931
385000,3,2,1480,6600,1,0,2,3,740,740,1943
90000,2,1,790,2640,1,0,0,3,790,0,1973
860000,4,2.5,3560,11119,1,0,2,3,2290,1270,1986
675000,4,2.5,3000,5548,2,0,0,3,3000,0,2006
975000,4,2.5,3490,7494,2,0,3,3,3490,0,2000
780000,3,1.75,2340,10495,1,0,0,4,2340,0,1967
370000,3,1.75,1650,8254,1,0,0,5,1060,590,1951
665000,3,2,1940,5820,1.5,0,0,5,1150,790,1944
675000,5,3,3410,9600,1,0,0,4,1870,1540,1968
620000,3,1,1710,4050,1.5,0,0,3,1710,0,1909
1105000,4,1.5,2740,4000,2,0,0,5,1930,810,1905
450000,3,2.75,1250,892,2,0,0,3,1040,210,2010
450000,3,2.25,2450,42180,1,0,0,4,2450,0,1978
530000,3,1.75,1690,8190,1,0,0,4,1690,0,1958
635000,4,1.75,1950,13320,1,0,0,4,1370,580,1969
580000,5,2,2290,7125,1,0,0,3,1190,1100,1964
1550000,5,3.25,3370,17458,1,0,2,5,2000,1370,1982
285000,3,1,1090,8640,1,0,0,4,1090,0,1973
375000,3,1,1190,9486,1,0,0,4,1190,0,1953
1400000,5,4.25,3530,7924,2,0,0,3,3530,0,2001
560000,3,1,1440,5000,2,0,0,3,1440,0,1910
405000,4,1.75,2180,13529,1,0,0,3,1090,1090,1956
413000,4,1,1410,6000,1,0,0,3,810,600,1925
287600,3,2.5,1950,8251,2,0,0,3,1950,0,1990
1680000,5,3.25,4860,23723,2,0,2,4,3820,1040,1989
225000,3,1,1660,7210,1,0,0,3,1100,560,1963
319000,3,1,1390,12823,1,0,0,4,1390,0,1968
322500,3,2,1350,14200,1,0,0,3,1350,0,1989
570000,3,2,1530,5401,1,0,0,4,1530,0,1937
465000,3,1.5,1270,5112,1,0,0,3,1270,0,1950
435000,4,2.25,2140,6355,2,0,0,3,2140,0,2002
502000,4,2.5,2040,5616,2,0,0,3,2040,0,2012
525000,3,3.5,2876,5086,2,0,0,3,2360,516,2007
525000,3,2.5,1580,1161,2,0,0,3,1010,570,2008
660000,4,3.5,3400,5196,2,0,0,3,3400,0,2012
870000,4,2.5,3520,6773,2.5,0,0,3,2650,870,2006
650000,4,2.5,2210,4861,2,0,0,3,2210,0,2013
505000,4,2.5,2790,5602,2,0,0,3,2790,0,2009
330000,3,2.5,1450,5008,1,0,0,3,840,610,2007
385000,4,1.75,1620,4980,1,0,0,4,860,760,1947
306000,3,1.5,1220,1086,3,0,0,3,1220,0,2007
546000,3,1.75,2000,5000,1,0,0,4,1110,890,1921
925000,4,2.5,2190,7350,2.5,0,0,5,2190,0,1958
542000,4,1.75,1900,8250,1,0,0,4,950,950,1955
800000,3,1,1700,4400,1.5,0,0,4,1700,0,1906
620000,5,2.5,2540,3832,2,0,0,5,1760,780,1929
175000,2,1,1170,8925,1,0,2,3,1170,0,1911
740000,5,5,5774,31675,1,0,2,3,4490,1284,1984
345000,3,2.25,2120,15003,2,0,0,3,2120,0,1984
510000,3,1.75,2170,26460,1,0,0,3,1450,720,1986
530000,4,2.75,2450,15002,1,0,0,5,2450,0,1974
155000,2,1,700,5200,1,0,0,5,700,0,1952
266000,3,2.5,1780,7214,1,0,0,4,1400,380,1986
257200,3,2,1850,8250,1,0,0,4,1150,700,1952
265000,3,2,1570,5706,1,0,0,3,1570,0,1998
372220,3,1,1290,5500,1,0,0,3,980,310,1951
337500,5,2,1700,7314,1,0,0,3,1000,700,1956
582500,2,1.5,1159,4800,1,0,0,3,1159,0,1948
489200,3,2.75,1850,9600,1.5,0,0,5,1850,0,1965
405100,2,1,840,3522,1,0,0,3,840,0,1947
372977,3,2.5,1690,1618,2,0,0,3,1150,540,2014
310000,3,1,1050,9876,1,0,0,3,1050,0,1953
538000,3,1.75,1400,3825,1.5,0,0,4,1100,300,1904
1400000,3,2.5,2550,7200,2,0,2,3,2550,0,1981
317000,3,2.5,1840,5011,2,0,0,3,1840,0,2012
702500,3,1.5,2360,6750,2,0,0,5,1930,430,1926
565000,4,2.5,2240,14667,2,0,0,4,2240,0,1989
723000,4,2.5,2700,4004,2,0,0,3,2700,0,2004
766950,3,2.5,3030,30007,1.5,0,0,4,3030,0,1992
682000,3,1.75,1830,5120,1.5,0,2,5,1830,0,1903
325000,3,2.5,2220,6049,2,0,0,4,2220,0,1990
543000,3,2.5,2090,7640,1,0,0,3,1360,730,1962
525000,3,1.75,1600,6120,1.5,0,0,3,1600,0,1924
364000,4,1.75,2010,8625,1,0,0,4,1340,670,1957
394475,2,1,830,4000,1,0,0,3,830,0,1955
316000,4,2.5,2010,7226,2,0,0,3,2010,0,1995
339950,3,1,1050,5402,1.5,0,0,4,1050,0,1906
486000,4,2.5,2150,39449,1,0,0,3,1420,730,1978
160000,3,1,860,11900,1,0,0,4,860,0,1963
930000,3,2.5,3100,20553,1,0,0,3,3100,0,1954
139000,3,1,1100,17334,1,0,0,3,1100,0,1978
562000,3,1.5,1830,8000,1,0,0,4,1830,0,1957
299000,2,1.75,1250,34395,1,0,0,4,1250,0,1950
511000,3,2.5,1820,4883,2,0,0,3,1820,0,2005
499000,3,2,2090,42689,1.5,0,0,3,2090,0,1959
356000,3,3.5,2100,12384,2,0,0,3,2100,0,1980
470000,4,2.5,2310,14023,2,0,0,3,2310,0,1991
715000,4,2.25,2060,5649,1,0,0,5,1360,700,1941
1120000,4,2.25,4470,60373,2,0,0,3,4470,0,1988
458000,3,1,1660,7500,1,0,0,4,1060,600,1940
966000,5,4.5,3810,8019,2,0,0,3,3810,0,2008
305495,3,1.75,2110,10200,2,0,0,4,2110,0,1966
543000,2,2,2370,217800,1.5,0,0,3,1600,770,1992
340000,3,2.25,1970,3716,2,0,0,3,1970,0,1997
633100,4,2.5,2470,33305,2,0,0,3,2470,0,1993
310000,3,1,1480,7830,1,0,0,3,1480,0,1952
349950,5,3,2257,10117,1,0,0,3,1363,894,2005
267800,2,1,700,6000,1,0,0,4,700,0,1949
234000,4,2,1630,9010,1,0,0,4,1050,580,1975
740000,4,2.5,3430,10157,2,0,0,3,3430,0,2000
607500,5,1.75,2220,6000,1.5,0,0,3,1420,800,1923
223000,3,1.75,1340,7473,1,0,0,4,1340,0,1973
400000,2,1,980,2130,1,0,0,4,860,120,1918
802000,3,2.5,2580,13096,2,0,0,3,2580,0,1986
253000,4,2.5,2230,4541,2,0,0,3,2230,0,2006
1058000,4,2,2290,11137,1,0,0,4,2290,0,1955
300000,3,1,1260,8280,1,0,0,3,1260,0,1946
625000,4,2.75,1680,11180,1,0,0,4,1680,0,1966
707000,4,3.25,3200,7081,2,0,0,3,3200,0,2004
950000,4,2.5,3320,7644,2,0,0,3,3320,0,1995
420000,4,2.5,3040,24123,2,0,0,3,3040,0,1999
498000,4,2.75,2270,7375,1,0,0,4,1290,980,1973
450000,3,2.5,2910,17172,2,0,0,3,2910,0,1989
955000,5,2.25,2510,9887,2,0,0,3,2510,0,1972
215000,2,1,1240,7200,1,0,0,3,1240,0,1967
437000,3,2.75,2580,5200,2,0,0,3,2580,0,2008
773000,3,2.75,2470,3600,2,0,0,3,2470,0,2007
1222500,4,3.5,4910,9444,1.5,0,0,3,3110,1800,2007
256883,3,2.5,1690,5025,2,0,0,3,1690,0,2003
592500,4,2.5,2240,12032,1,0,0,3,2240,0,1983
252350,3,2,1650,7352,1,0,0,3,1160,490,1979
370000,4,2.5,2710,5880,2,0,0,3,2710,0,1998
465750,3,1.5,1260,10350,1,0,0,3,1260,0,1959
185000,3,1,1150,8100,1,0,0,3,1150,0,1932
582800,4,2.75,2550,7636,1,0,0,3,1440,1110,1986
245000,3,1.75,1490,6930,1,0,0,4,1490,0,1990
302000,4,1.75,2020,7865,1,0,0,4,1010,1010,1963
451555,2,1,1320,4520,1,0,1,3,1320,0,1912
250000,3,1,1230,10350,1,0,0,4,1230,0,1957
255000,4,2.5,2070,7800,2,0,0,3,2070,0,1989
840000,4,1.75,2930,11562,1,0,3,3,1670,1260,1947
190000,3,1,1090,8520,1,0,0,3,1090,0,1967
349950,3,1,1400,7066,1,0,0,3,1400,0,1957
613000,4,2,1550,4815,1.5,0,0,3,1550,0,1909
300000,3,1,1220,13000,1,0,0,4,1220,0,1955
455000,3,2.5,1870,7344,1,0,0,3,1470,400,1980
335000,3,2.25,2150,30476,2,0,0,3,2150,0,1991
197500,3,1,980,3090,1.5,0,0,3,980,0,1903
412500,3,1.5,1490,8475,1,0,0,4,1490,0,1963
395300,3,1.5,1120,7000,1,0,0,3,1120,0,1955
342400,3,2.25,1180,9630,2,0,0,3,1180,0,1986
749400,4,2.5,3240,20301,2,0,0,3,3240,0,1985
316500,4,2.5,2150,6807,2,0,0,4,2150,0,1991
390000,3,2.5,2240,10800,2,0,0,3,2240,0,1996
225000,3,2,1400,7384,1,0,0,3,1150,250,1979
550000,3,2.25,1980,40887,1,0,0,4,1980,0,1980
280000,3,1,1330,20562,1.5,0,0,3,1330,0,1959
1255000,4,2.5,3200,7535,2,0,0,3,3200,0,2006
575000,2,1,1490,6000,1,0,0,3,1090,400,1946
1000000,5,4.25,3920,16258,2,0,0,3,2900,1020,1990
585000,5,1.75,2000,3750,2,0,0,4,2000,0,1921
620000,4,2.5,2680,9185,2,0,0,3,2680,0,1989
204700,4,2,1670,9987,1,0,0,3,1670,0,1967
695000,4,3,3150,9130,2,0,0,3,3150,0,2001
689900,4,3.25,2740,7266,2,0,0,3,2060,680,2003
375000,4,1.75,1890,8000,1,0,0,4,1250,640,1960
475000,7,3.5,2870,29699,1,0,0,3,1520,1350,1961
215000,3,1,1160,10384,1,0,0,4,1160,0,1969
2100000,4,1.75,3550,19865,2,0,0,3,3550,0,1962
790000,3,1.75,1790,6117,1,0,2,3,1350,440,1940
350000,3,1.75,1680,250470,1,0,0,4,1070,610,1940
695000,3,2.5,4560,17622,2,0,0,4,3800,760,1986
263000,3,2.25,1590,7748,2,0,0,4,1590,0,1991
400000,3,1,1630,10304,1,0,0,5,1630,0,1953
525000,3,2.5,2700,7434,2,0,0,3,2700,0,1991
349950,3,2.5,1700,7496,2,0,0,3,1700,0,1994
1085000,4,3.25,3740,12080,1,0,0,3,2000,1740,1988
744000,4,3,1980,5352,2.5,0,0,3,1980,0,1941
312500,2,1,880,6345,1,0,0,3,880,0,1919
240000,3,2,1400,6200,1,0,0,3,700,700,1948
495000,4,2,2050,4000,1.5,0,0,5,1210,840,1941
580050,3,2.5,2360,4638,2,0,3,3,2360,0,1996
640000,4,2,2560,7798,1,0,0,4,1890,670,1947
417000,3,1.5,1340,10224,1,0,0,4,1340,0,1956
174950,3,1,1060,5200,1,0,0,5,1060,0,1970
295000,3,1.5,850,2500,1,0,0,3,850,0,1986
423000,4,1.75,1880,7303,1,0,0,3,1010,870,1976
839000,3,1,1230,12305,1,0,0,3,1230,0,1955
343000,4,1.75,2290,10290,1,0,0,3,1340,950,1960
467000,3,1,1660,6582,1,0,0,5,1000,660,1946
512500,3,2.5,1840,2875,2,0,0,4,1840,0,1997
575000,4,2.5,3020,17810,1,0,0,3,1600,1420,1979
465000,3,1.75,1410,6886,1,0,0,3,1410,0,1924
270000,3,1,1010,9514,1,0,0,3,1010,0,1969
340000,3,1.75,1960,8136,1,0,0,3,980,980,1948
765000,5,3.75,3580,14275,2,0,0,3,3190,390,1999
497000,4,2.5,2240,7200,2,0,0,3,2240,0,1995
803100,4,2.5,3310,5404,2,0,0,3,3310,0,2004
344000,3,2.5,1232,1130,3,0,0,3,1232,0,2007
828950,4,3.5,3930,5680,2,0,1,3,2820,1110,2013
386380,3,2.5,1720,3600,2,0,0,3,1720,0,2010
312000,3,2.25,1490,974,2,0,0,3,1220,270,2009
720000,3,2.5,3150,151588,2,0,0,3,3150,0,2007
914500,4,2.5,3950,10856,3,0,0,3,3950,0,2013
819995,5,2.75,3030,10335,2,0,0,3,3030,0,2013
252700,2,1.5,1070,9643,1,0,0,3,1070,0,1985
437500,3,2.5,2320,36847,2,0,2,3,2320,0,1992
350000,1,1,700,5100,1,0,0,3,700,0,1942
619000,3,2.5,2720,6439,2,0,0,3,2720,0,2005
408200,3,2.5,1800,5761,2,0,0,4,1800,0,1990
451000,3,1.75,1560,4049,1.5,0,2,3,1000,560,1926
317000,3,2,1760,11410,1,0,0,5,1060,700,1977
799000,4,3.25,3120,5000,2,0,0,3,2370,750,2005
720000,2,1,2020,7200,1,0,3,4,1700,320,1947
490000,3,2,1450,2400,1.5,0,0,3,1450,0,1900
239900,4,2.25,1860,7000,1,0,0,3,1120,740,1979
446000,4,2.25,2270,7800,1,0,0,3,1290,980,1977
275000,3,2.5,1480,15639,2,0,0,3,1480,0,1987
239950,5,1,1460,6032,2,0,0,4,1460,0,1941
248000,4,3.5,1850,6519,2,0,0,3,1130,720,1986
619500,3,2.5,2170,5000,2,0,0,3,2170,0,2003
363750,3,1.75,1726,197326,2,0,0,4,1726,0,1982
385000,3,1.75,1180,10541,1,0,0,4,940,240,1981
370000,4,1.5,1370,9957,1,0,0,3,900,470,1972
425000,3,2.5,2670,13218,1,0,0,4,2670,0,1988
342000,3,1,1260,6826,1,0,0,3,720,540,1944
345000,4,1,1980,7991,1.5,0,0,3,1980,0,1962
724800,3,2,2050,3933,1,0,0,3,1180,870,1926
725000,5,2.75,2830,5310,2,0,0,3,2830,0,2006
605000,2,1,910,3600,1,0,0,4,910,0,1909
350000,4,2.5,2440,4000,2,0,0,3,2440,0,2009
785000,3,2,2180,5440,1,0,0,5,1100,1080,1904
250000,3,2,1900,6660,1,0,0,5,950,950,1966
565000,3,2.25,1520,1221,3,0,0,3,1520,0,2013
875000,3,2,2220,6641,1,0,2,4,1220,1000,1947
862500,4,2.75,3280,24440,2,0,0,3,3280,0,1996
400000,3,2.5,2740,83199,2,0,4,3,2740,0,1973
282613,2,1,830,6017,1,0,0,4,830,0,1954
174500,2,1,1010,5200,1,0,0,3,1010,0,1955
306500,3,2.25,2060,38377,1,0,0,4,1560,500,1978
445000,3,2.25,1990,7340,2,0,0,3,1990,0,1984
433000,4,2.5,2280,7568,2,0,0,4,2280,0,2001
306000,3,2.5,1870,5874,2,0,0,3,1870,0,2005
620000,3,2.25,1720,4000,1.5,0,0,4,1450,270,1921
245000,2,1,870,6150,1,0,0,3,870,0,1941
238000,3,2,1020,1204,2,0,0,3,720,300,2004
523000,3,1.5,1260,3135,1.5,0,0,3,1260,0,1931
522500,3,2.5,2370,7875,2,0,0,3,2370,0,2003
180000,3,1,1000,18513,1,0,0,3,1000,0,1940
375000,3,1.5,1100,1751,2,0,0,3,940,160,2007
249000,3,2.25,1440,7673,1,0,0,3,940,500,1982
730100,4,2.5,3120,14300,2,0,0,3,3120,0,2003
551000,2,2,2260,9604,1,0,0,3,2260,0,1990
375000,4,2.5,2790,7956,2,0,0,3,2790,0,2005
540000,1,1,1140,6700,1.5,0,0,3,1140,0,1920
605000,3,2.25,1290,2500,2,0,0,4,1290,0,1987
205000,5,1.75,1730,5200,1,0,0,4,1050,680,1978
645000,4,2.5,3160,11380,2,0,0,3,3160,0,1983
314000,4,2.5,2340,8990,2,0,0,3,2340,0,2003
330000,3,1.5,1170,4950,1,0,0,4,1170,0,1960
490000,2,1,1160,5000,1,0,0,4,1160,0,1937
445000,3,3,1970,24318,1,0,0,3,1970,0,2010
2000000,5,4.25,6490,10862,2,0,3,4,3940,2550,1991
377500,3,2.25,1410,1377,2,0,0,3,1290,120,2005
480000,4,2.5,2430,5000,2,0,0,3,2430,0,2009
804995,5,1.5,3360,5402,2,0,0,3,3360,0,2014
341000,3,2.5,1480,1663,2,0,0,3,1180,300,2012
675000,5,2.5,3200,6455,2,0,0,3,3200,0,2009
611000,3,2.5,2134,1984,2.5,0,0,3,2134,0,2008
379950,3,3.25,1860,1787,3,0,0,3,1860,0,2007
1270000,4,3,5520,8313,2,0,3,3,3570,1950,2008
500000,2,2.5,1310,1500,2,0,0,3,1160,150,2006
410000,3,2,1700,4250,1,0,0,3,890,810,1944
415000,3,2.5,2480,8342,2,0,0,3,2480,0,1986
297000,5,2.5,1970,8605,2,0,0,4,1970,0,1994
575550,4,2.5,2060,7475,1,0,0,3,1440,620,1985
534640,3,2.5,2130,3500,1,0,0,4,1210,920,1994
352500,3,2.25,1410,14110,1,0,2,3,1170,240,1987
488000,2,2,1360,4688,1,0,0,3,780,580,1944
732000,3,2,1940,55756,1,0,0,5,1940,0,1954
215000,2,2.25,1610,2040,2,0,0,4,1610,0,1979
592500,2,2,1420,9191,1.5,0,2,5,1420,0,1928
290000,4,2.5,1700,7280,2,0,0,4,1700,0,1988
475000,2,1,1490,3825,1,0,0,3,860,630,1929
320000,3,2.5,2680,7757,2,0,0,3,2680,0,1990
1216000,4,2.5,3190,8684,1,0,3,5,1680,1510,1967
290000,5,1.5,2120,7700,1.5,0,0,5,2120,0,1962
487250,4,2,1690,3250,1.5,0,0,3,1550,140,1901
339000,4,2.5,1830,8601,2,0,0,3,1830,0,2003
440000,2,1.5,1010,1968,1.5,0,0,5,1010,0,1906
366500,4,2.75,2070,9300,1,0,0,5,1120,950,1945
462000,3,1.5,1710,4500,1.5,0,0,3,1410,300,1928
560000,4,1,1660,4690,1.5,0,0,3,1260,400,1945
285000,4,1.75,2080,13629,1,0,0,4,1040,1040,1955
280000,3,2.5,1270,9675,2,0,0,3,1270,0,1993
210000,3,1,1080,21043,1,0,0,3,1080,0,1942
690000,3,2,1610,5100,1.5,0,0,5,1610,0,1940
256500,2,1,1120,9912,1,0,0,4,1120,0,1980
411000,4,2.75,2500,5257,2,0,0,3,2500,0,1966
215000,3,1,970,7275,1,0,0,4,970,0,1970
762000,5,2,3370,5000,1.5,0,0,4,2140,1230,1907
359950,3,1,1290,189486,1,0,0,4,1290,0,1960
480000,4,3.5,3370,435600,2,0,3,3,3370,0,2005
1405000,4,3.5,3410,10769,2,0,0,3,3410,0,2008
390000,4,2.5,2490,8290,2,0,0,3,2490,0,1999
413500,2,1,770,4000,1,0,0,5,770,0,1924
285000,1,1.5,810,3211,2,0,0,4,810,0,1982
475000,4,2.5,3060,10043,1,0,0,4,1700,1360,1968
386591,3,2.5,1690,1613,2,0,0,3,1150,540,2014
524950,3,1.75,1890,3825,1,0,0,3,1290,600,1974
241000,2,2,1470,3128,2,0,0,3,1470,0,2005
461000,2,1,1060,7193,1,0,0,3,1060,0,1926
810000,4,2.5,3480,59242,2,0,0,3,3480,0,1988
885000,4,2.75,2730,3560,1.5,0,0,3,1550,1180,1921
247000,3,2.25,1580,7941,2,0,0,4,1580,0,1986
296500,3,2.75,2170,7900,1,0,0,4,1380,790,1978
141800,2,1,930,4743,1,0,0,4,930,0,1942
333000,4,2,1580,7800,2,0,0,2,1580,0,1906
602000,5,1.75,3290,11900,1.5,0,0,3,3290,0,1973
565000,4,2.25,2110,10698,2,0,0,4,2110,0,1979
373000,3,2.5,1670,3565,2,0,0,3,1670,0,1999
588000,3,2.25,2030,7350,1,0,0,4,1190,840,1977
485000,3,1,1500,4100,1.5,0,0,3,1370,130,1926
482500,3,2.25,1450,1445,2,0,0,3,980,470,2005
251200,4,1.5,1310,8250,1,0,0,3,1060,250,1953
869000,5,3.25,4180,49222,2,0,0,4,2880,1300,1979
464000,3,1.75,1630,28600,1,0,0,3,1630,0,1967
755000,4,2.5,2660,10452,2,0,0,3,2660,0,1993
280000,3,2.5,1720,1916,2,0,0,3,1720,0,2005
485000,2,2.25,1260,1240,3,0,0,3,1260,0,2004
305000,3,1.75,1610,12247,1,0,0,3,1610,0,1981
110700,2,1,680,8064,1,0,0,3,680,0,1941
850000,4,3.5,2640,5900,2,0,2,3,2640,0,1937
350000,3,2.25,1640,7200,2,0,0,4,1640,0,1985
319950,4,1.75,2310,8045,1,0,0,4,1650,660,1976
700000,3,1.75,2010,4905,1,0,0,5,1230,780,1912
368000,2,1.5,1660,4680,1,0,0,5,830,830,1908
433500,3,2.5,2200,3360,2,0,0,3,2200,0,2009
611000,4,2.5,2460,4200,2,0,0,3,2460,0,1998
1000000,2,1.75,2430,23400,1,0,4,3,2430,0,1951
307000,3,1,1370,7500,1,0,0,3,1370,0,1960
442500,3,1.75,1800,10200,1,0,0,3,1800,0,1967
485000,3,1.75,2200,7706,2,0,2,3,2200,0,1908
367000,2,1,700,2334,1,0,0,3,700,0,1945
429000,3,2.5,1920,15124,2,0,0,3,1920,0,1995
446000,5,2.75,2190,12687,1,0,0,5,1370,820,1978
572500,3,2.25,2030,9791,1,0,0,4,1500,530,1984
477000,3,2.5,1350,2053,3,0,0,3,1350,0,2005
518000,3,2.5,1680,2096,2,0,0,3,1380,300,2008
462000,5,1.75,1250,10530,1,0,0,4,1250,0,1966
1190000,4,3,2240,6000,1.5,0,0,4,1270,970,1914
137000,3,1,950,7620,1,0,0,3,950,0,1954
530000,3,3.5,2320,3174,2,0,0,3,2060,260,1997
818000,2,2.5,2380,9374,1,0,2,3,2380,0,2011
640000,2,2.25,1540,958,3,0,0,3,1540,0,2007
298450,5,3,2100,9752,1,0,0,3,1200,900,2007
575000,4,2.5,2500,4945,2,0,0,3,2500,0,2013
730000,4,2.5,3230,7331,2,0,0,3,3230,0,2004
551000,3,2.5,2830,5802,2,0,0,3,2830,0,2001
271310,2,1,870,5340,1.5,0,0,2,870,0,1906
675000,4,3,2690,28300,1,0,0,3,2690,0,1954
479000,3,2.5,1260,889,3,0,0,3,1260,0,2008
520000,4,3.5,2680,10000,2,0,0,3,2040,640,1942
599950,3,2.5,2660,4975,2,0,0,3,2660,0,2014
483945,2,1.75,1480,5120,1,0,0,4,840,640,1951
390000,4,2.25,1770,33132,1,0,0,4,1190,580,1965
192500,2,1,950,7692,1,0,0,3,950,0,1926
330000,2,1,860,8308,1,0,0,4,860,0,1948
250000,4,2,1960,7560,1,0,0,5,1160,800,1978
243000,2,1,1770,5522,1.5,0,0,4,960,810,1943
575000,4,1.75,1280,6060,1,0,0,3,860,420,1926
639000,4,2.5,2150,12028,2,0,0,4,2150,0,1982
710000,2,1,1790,4000,1,0,0,4,1040,750,1923
675000,3,2.25,1990,10260,2,0,0,4,1990,0,1987
405000,5,2.5,2430,4781,2,0,0,3,2430,0,2001
615000,4,2.75,2820,13193,1,0,0,3,1860,960,1965
490000,3,1,1910,8190,1,0,0,4,1010,900,1946
467000,3,2.25,1270,1213,2,0,0,3,1040,230,2005
480000,4,2.75,2050,3960,1,0,0,4,1180,870,1986
755000,6,2,2150,4505,1,0,0,3,1270,880,1952
760000,4,1.75,2450,13300,1,0,2,4,1630,820,1987
387000,2,2.25,1230,1280,2,0,0,3,960,270,2012
925000,4,2.25,2260,41984,1,0,0,4,2260,0,1967
415000,2,1,1050,60113,1,0,0,4,1050,0,1943
263000,3,1.75,1570,7775,2,0,0,3,1570,0,1982
519900,4,2,1820,9350,1,0,0,4,1820,0,1967
570000,2,1.75,1540,4025,1,0,0,4,1190,350,1908
450000,3,1.5,2060,44866,1,0,0,3,2060,0,1953
1300000,4,3.5,4380,74052,1,0,0,3,4380,0,2001
300000,3,1,1090,9900,1,0,0,4,1090,0,1955
320000,3,1.75,1480,7225,1,0,0,4,1480,0,1965
387500,4,1,1320,4440,1.5,0,0,3,1320,0,1929
458000,1,2.25,2140,10350,1,0,0,3,1470,670,1976
1212500,4,3.5,4560,16643,1,0,3,3,2230,2330,1995
380000,4,3,2800,9764,2,0,0,3,2800,0,2002
200000,3,1,1050,5000,1,0,0,4,1050,0,1967
385000,3,1.5,1490,9630,1,0,0,4,1490,0,1959
396675,2,1,1730,6375,2,0,0,4,1730,0,1945
452000,4,1,1210,3760,1.5,0,0,3,1210,0,1900
426000,4,2.5,2800,8494,2,0,0,3,2800,0,2004
792000,3,1.5,1570,1050,2,0,0,3,1570,0,1915
315000,3,2.25,1400,31626,1,0,0,2,1140,260,1987
1275000,4,2,2850,7861,1,0,4,4,1450,1400,1970
326000,6,3,1880,7200,1,0,0,4,1880,0,1966
268500,2,1,790,8424,1,0,0,4,790,0,1953
440000,2,1.75,1300,4000,2,0,0,3,1300,0,1948
300000,3,1,2120,7735,1,0,0,4,1060,1060,1967
525000,3,1.5,1540,4773,2,0,0,3,1540,0,1941
978000,4,2.75,2620,13777,1.5,0,2,4,1720,900,1926
1125000,6,3,2880,3192,2,0,0,4,2180,700,1919
700000,4,1,1680,4021,1.5,0,0,3,1680,0,1921
315000,2,1,790,6969,1,0,0,3,790,0,1955
309000,3,1,1092,7500,1.5,0,0,3,1092,0,1918
219950,3,1.5,1650,9936,1,0,0,3,1090,560,1967
289000,3,2.5,2090,4700,2,0,0,3,2090,0,2002
210000,4,1.75,2180,28710,1,0,0,3,1180,1000,1950
260000,4,2.5,1990,6671,2,0,0,3,1990,0,1989
699000,4,2.5,2650,7945,2,0,0,3,2650,0,2006
1800000,4,3.5,4460,16953,1,0,0,3,2550,1910,1962
299950,3,1,910,8000,1,0,0,4,740,170,1950
749950,3,2.5,2770,10773,2,0,2,3,2770,0,1992
1100000,3,2,2390,6888,2,0,1,5,2390,0,1939
